ave_fitness	ave_genome_length	ave_tree_depth	ave_tree_nodes	ave_used_codons	best_fitness	gen	invalids	max_genome_length	max_tree_depth	max_tree_nodes	max_used_codons	min_genome_length	min_tree_depth	min_tree_nodes	min_used_codons	runtime_error	time_adjust	time_taken	total_inds	total_time	
0.5087989745354762	94.54	7.5	79.45	63.36	1.0	0	0	328	10	274	219	10	5	9	7	0	0	1903.576676607132	200	1903.576676607132	
0.49025109280854406	105.67	7.0	29.17241379310345	23.137931034482758	1.0	1	171	336	10.0	139.0	111.0	6	4.0	4.0	3.0	0	0	107.05159974098206	400	2010.628276348114	
0.48574646860436355	114.325	6.864406779661017	24.466101694915253	19.372881355932204	1.0	2	253	369	10.0	139.0	111.0	6	4.0	4.0	3.0	0	0	463.27255177497864	600	2473.9008281230927	
0.5217581374117787	115.34	7.1466666666666665	26.5	21.0	1.0	3	303	301	10.0	139.0	111.0	7	4.0	4.0	3.0	0	0	624.3759717941284	800	3098.276799917221	
0.5561458659061407	106.69	7.041958041958042	25.713286713286713	20.37062937062937	1.0	4	360	296	10.0	139.0	111.0	7	4.0	4.0	3.0	0	0	578.6424105167389	1000	3676.91921043396	
0.6026833085395477	104.995	7.367088607594937	28.430379746835442	22.544303797468356	1.0	5	402	355	10.0	139.0	111.0	7	4.0	4.0	3.0	0	0	691.2080409526825	1200	4368.1272513866425	
