ave_fitness	ave_genome_length	ave_tree_depth	ave_tree_nodes	ave_used_codons	best_fitness	gen	invalids	max_genome_length	max_tree_depth	max_tree_nodes	max_used_codons	min_genome_length	min_tree_depth	min_tree_nodes	min_used_codons	runtime_error	time_adjust	time_taken	total_inds	total_time	
0.5286923885888641	91.264	7.498	76.72	61.176	1.0	0	0	346	10	289	231	10	5	9	7	0	0	6808.128043889999	500	6808.128043889999	
0.4946404325098713	112.514	6.883116883116883	27.246753246753247	21.5974025974026	1.0	1	424	450	10.0	144.0	115.0	6	4.0	4.0	3.0	0	0	520.5838649272919	1000	7328.711908817291	
0.49778161778421104	94.66	6.802013422818792	22.674496644295303	17.93959731543624	1.0	2	627	327	10.0	144.0	115.0	6	4.0	4.0	3.0	0	0	1657.3288695812225	1500	8986.040778398514	
0.534426678380168	98.878	6.869318181818182	23.289772727272727	18.431818181818183	1.0	3	776	266	10.0	144.0	115.0	8	4.0	4.0	3.0	0	0	3286.7384116649628	2000	12272.779190063477	
